Coefficients:,,,,,
,Estimate,Std. Error,z value,Pr(>|z|),Stat sig
(Intercept),-7.309263,1.710254,-4.274,1.92E-05,***
AGE,-0.015908,0.019721,-0.807,0.41988,
RACE,-0.705299,0.466064,-1.513,0.1302,
DPROS,0.554551,0.135981,4.078,4.54E-05,***
DCAPS,0.488869,0.46144,1.059,0.2894,
logPSA,0.503168,0.157723,3.19,0.00142,**
VOL,-0.011827,0.007788,-1.519,0.12884,
GLEASON,0.920706,0.168491,5.464,4.64E-08,***
