"","GVIF","Df","GVIF^(1/(2*Df))"
"DPROS",1.04557087319518,3,1.0074548209116
"logPSA",1.16207954947393,1,1.0779979357466
"GLEASON",1.12572401089728,1,1.06100141889503
